{
    "AX": {
        "error": 0.061391748372537164, 
        "fit": "average_SEM", 
        "value": -0.012743603684066329
    }, 
    "CDD": {
        "error": 0.00016513204383528178, 
        "fit": "average_SEM", 
        "value": 0.0001927769370013266
    }, 
    "H1": {
        "error": 0.11235766206605255, 
        "fit": "average_SEM", 
        "value": -0.04169257750151398
    }, 
    "H2": {
        "error": 0.09879678977950382, 
        "fit": "average_SEM", 
        "value": -0.0384249297795274
    }, 
    "L1": {
        "error": 0.12947815527202286, 
        "fit": "average_SEM", 
        "value": -0.058908782467672914
    }, 
    "L2": {
        "error": 0.14672575407055144, 
        "fit": "average_SEM", 
        "value": -0.038976333429309305
    }
}