{
    "AX": {
        "error": 0.05994802358173887, 
        "fit": "average_SEM", 
        "value": -0.010862178922009965
    }, 
    "CDD": {
        "error": 0.00029480495817602075, 
        "fit": "average_SEM", 
        "value": 0.0006002315162277228
    }, 
    "H1": {
        "error": 0.131344232422352, 
        "fit": "average_SEM", 
        "value": -0.0455046958484066
    }, 
    "H2": {
        "error": 0.11262711350621686, 
        "fit": "average_SEM", 
        "value": -0.053360918342696094
    }, 
    "L1": {
        "error": 0.11297900234071107, 
        "fit": "average_SEM", 
        "value": -0.11170107482854898
    }, 
    "L2": {
        "error": 0.16369072124774953, 
        "fit": "average_SEM", 
        "value": -0.06203410371769375
    }
}